ntacode,d_Total population,d_tot_female_pop,d_Under 5 years,d_5 to 9 years,d_10 to 14 years,d_15 to 19 years,d_20 to 24 years,d_25 to 29 years,d_30 to 34 years,d_35 to 39 years,d_40 to 44 years,d_45 to 49 years,d_50 to 54 years,d_55 to 59 years,d_60 to 64 years,d_65 to 69 years,d_70 to 74 years,d_75 to 79 years,d_80 to 84 years,d_85 years and over,total_population,white_no_lat,black_no_lat,native_no_lat,asian_no_lat,pacific_no_lat,other_race_no_lat,two_or_more_no_lat,hispanic_or_latino,median_age,household_number,family_households_number,median_income,gini_income_ineq,total_workers,poverty_status,income_per_capita
BK09,4604.0,2612.0,219.0,134.0,68.0,720.0,532.0,237.0,361.0,308.0,322.0,237.0,208.0,246.0,150.0,334.0,87.0,43.0,134.0,264.0,4308.0,2968.0,175.0,10.0,469.0,9.0,0.0,192.0,485.0,32.6,1769.0,707.0,63519.0,0.4855,1956.0,3042.0,77106.0
BK17,0.0,0.0,0.0,0.0,0.0,0.0,0.0,0.0,0.0,0.0,0.0,0.0,0.0,0.0,0.0,0.0,0.0,0.0,0.0,0.0,0.0,0.0,0.0,0.0,0.0,0.0,0.0,0.0,0.0,,,,,,,,
BK19,4311.0,2615.0,122.0,35.0,201.0,173.0,148.0,40.0,260.0,280.0,239.0,258.0,80.0,245.0,210.0,192.0,468.0,324.0,350.0,686.0,4074.0,3681.0,15.0,0.0,81.0,0.0,0.0,281.0,16.0,62.1,2047.0,863.0,12228.0,0.5448,1163.0,4069.0,19662.0
BK21,18971.0,10552.0,1018.0,1192.0,1055.0,1656.0,1151.0,1208.0,1032.0,738.0,896.0,829.0,1293.0,1439.0,1192.0,1368.0,605.0,825.0,674.0,800.0,17532.0,4092.0,6213.0,50.0,1976.0,0.0,0.0,395.0,4806.0,46.55,1705.5,1063.0,15181.25,0.518475,1050.75,4234.25,19224.5
BK23,8754.0,4615.0,419.0,293.0,325.0,194.0,292.0,495.0,187.0,340.0,537.0,630.0,359.0,665.0,340.0,1091.0,769.0,763.0,623.0,432.0,8363.0,7494.0,172.0,0.0,137.0,6.0,0.0,349.0,205.0,59.95,2136.0,1232.5,20491.0,0.45599999999999996,1676.5,4181.5,27831.5
BK25,15161.0,7586.0,1753.0,1211.0,984.0,1220.0,866.0,1032.0,1008.0,669.0,661.0,779.0,876.0,907.0,575.0,729.0,638.0,426.0,441.0,386.0,14737.0,12313.0,134.0,0.0,524.0,0.0,0.0,276.0,1490.0,30.916666666666668,798.5,593.8333333333334,26939.666666666668,0.5695666666666667,806.3333333333334,2451.6666666666665,33260.166666666664
BK26,1944.0,1090.0,17.0,86.0,130.0,61.0,123.0,78.0,115.0,91.0,99.0,122.0,137.0,229.0,145.0,157.0,139.0,70.0,79.0,66.0,1980.0,1251.0,25.0,0.0,475.0,0.0,31.0,0.0,198.0,50.2,762.0,573.0,23665.0,0.4309,716.0,1971.0,25822.0
BK27,4986.0,2539.0,373.0,249.0,300.0,250.0,245.0,216.0,281.0,384.0,319.0,330.0,488.0,391.0,458.0,221.0,113.0,98.0,122.0,148.0,4604.0,2441.0,23.0,10.0,1401.0,0.0,10.0,69.0,650.0,39.849999999999994,797.5,600.5,33580.0,0.42805,1061.5,2302.0,33198.5
BK28,58744.0,30148.0,3851.0,3151.0,3815.0,2881.0,3577.0,3979.0,4511.0,4076.0,3345.0,3856.0,4039.0,4603.0,3499.0,3018.0,2023.0,1359.0,1635.0,1526.0,56019.0,19615.0,498.0,116.0,24055.0,0.0,281.0,861.0,10593.0,38.38,1242.2666666666667,920.6,22950.8,0.44836,1657.7333333333333,3720.866666666667,24689.0
BK29,14691.0,7796.0,1039.0,1125.0,1100.0,676.0,719.0,1101.0,1003.0,1084.0,1239.0,628.0,767.0,1164.0,1007.0,678.0,575.0,191.0,188.0,407.0,13688.0,5009.0,156.0,0.0,6176.0,0.0,21.0,326.0,2000.0,36.775,1129.0,835.75,24872.25,0.453125,1420.0,3410.75,25174.75
BK30,20963.0,10448.0,1256.0,1235.0,1143.0,1071.0,1129.0,1233.0,1145.0,1088.0,1221.0,1347.0,1861.0,1400.0,1479.0,1106.0,1290.0,1042.0,470.0,447.0,20051.0,9919.0,167.0,37.0,6905.0,22.0,50.0,330.0,2621.0,44.02222222222222,752.4444444444445,566.8888888888889,32898.333333333336,0.4545333333333333,952.5555555555555,2216.6666666666665,36003.333333333336
BK31,50822.0,26044.0,3139.0,2842.0,2483.0,2979.0,2717.0,4089.0,4290.0,3999.0,3708.0,3104.0,3236.0,3253.0,3207.0,2283.0,2381.0,1223.0,839.0,1050.0,47091.0,27794.0,977.0,0.0,7106.0,26.0,138.0,956.0,10094.0,39.30714285714286,1379.0714285714287,799.1428571428571,40507.21428571428,0.4533,1572.7857142857142,3356.214285714286,40304.0
BK32,34379.0,16735.0,2095.0,2467.0,2579.0,1962.0,2052.0,2988.0,3424.0,3425.0,1934.0,2238.0,2191.0,1818.0,1458.0,1303.0,710.0,786.0,439.0,510.0,33066.0,4881.0,737.0,0.0,4532.0,0.0,76.0,482.0,22358.0,33.48888888888889,1116.4444444444443,765.5555555555555,24248.555555555555,0.4783888888888888,1642.6666666666667,3637.222222222222,23722.444444444445
BK33,30518.0,16296.0,2844.0,2433.0,1718.0,1139.0,1299.0,1678.0,2909.0,3448.0,2956.0,2720.0,1665.0,1655.0,1444.0,720.0,736.0,688.0,333.0,133.0,28637.0,15882.0,4734.0,30.0,1643.0,303.0,326.0,976.0,4743.0,35.542857142857144,1680.4285714285713,1050.142857142857,64935.0,0.4655571428571429,1845.0,4077.1428571428573,66530.57142857143
BK34,6274.0,3259.0,536.0,458.0,514.0,440.0,379.0,706.0,285.0,378.0,535.0,266.0,236.0,276.0,168.0,562.0,138.0,61.0,139.0,197.0,6188.0,2650.0,165.0,0.0,1529.0,0.0,9.0,8.0,1827.0,31.9,1926.0,1322.0,20025.0,0.4668,2351.0,6188.0,15968.0
BK35,43473.0,23615.0,2293.0,2176.0,2376.0,2172.0,3030.0,5526.0,4837.0,3310.0,3179.0,2696.0,2326.0,2595.0,2128.0,1444.0,1642.0,702.0,607.0,434.0,40578.0,6039.0,25531.0,123.0,1665.0,0.0,35.0,1189.0,5996.0,33.730000000000004,1587.3,832.5,32660.6,0.50404,1945.2,4033.5,34043.6
BK37,48130.0,24476.0,4126.0,2928.0,2474.0,1504.0,1281.0,3657.0,5326.0,5333.0,4834.0,3243.0,3082.0,2558.0,2113.0,2311.0,1612.0,1000.0,328.0,420.0,46618.0,32636.0,2326.0,54.0,3742.0,0.0,302.0,2267.0,5291.0,37.24166666666667,1592.4166666666667,947.8333333333334,73914.91666666667,0.44779166666666664,2034.1666666666667,3859.9166666666665,78287.41666666667
BK38,7431.0,3963.0,566.0,266.0,295.0,173.0,281.0,926.0,1272.0,742.0,512.0,516.0,358.0,294.0,223.0,283.0,248.0,125.0,118.0,233.0,7972.0,3926.0,2160.0,0.0,497.0,0.0,14.0,218.0,1157.0,34.15,1481.0,751.5,54722.0,0.57855,1807.5,3833.0,72952.0
BK40,0.0,0.0,0.0,0.0,0.0,0.0,0.0,0.0,0.0,0.0,0.0,0.0,0.0,0.0,0.0,0.0,0.0,0.0,0.0,0.0,0.0,0.0,0.0,0.0,0.0,0.0,0.0,0.0,0.0,,,,,,,,
BK41,13549.0,6585.0,1249.0,1285.0,1323.0,733.0,494.0,961.0,1040.0,963.0,1123.0,728.0,761.0,730.0,521.0,374.0,450.0,468.0,226.0,120.0,12697.0,5644.0,792.0,85.0,3492.0,0.0,0.0,487.0,2197.0,33.46666666666667,1524.0,971.6666666666666,30583.0,0.4703,1749.0,4228.0,28628.0
BK42,47545.0,25069.0,3579.0,2691.0,2958.0,2035.0,2711.0,4511.0,4168.0,4273.0,3621.0,2783.0,2256.0,3175.0,2914.0,2377.0,1417.0,920.0,569.0,587.0,45222.0,12773.0,17348.0,0.0,5080.0,0.0,408.0,1203.0,8410.0,35.95454545454545,1529.909090909091,960.5454545454545,35925.72727272727,0.4758272727272727,1930.7272727272727,4097.272727272727,35073.0
BK43,24903.0,12602.0,2024.0,1717.0,1822.0,1738.0,1246.0,1596.0,1545.0,1353.0,1336.0,1294.0,1636.0,1487.0,1274.0,1617.0,1365.0,532.0,446.0,875.0,22784.0,17054.0,999.0,32.0,2430.0,27.0,14.0,504.0,1724.0,39.05714285714286,1170.5714285714287,792.2857142857143,32814.857142857145,0.4855285714285714,1268.857142857143,3219.285714285714,32704.0
BK44,16898.0,8933.0,1272.0,988.0,863.0,661.0,904.0,1103.0,1065.0,1034.0,843.0,823.0,1074.0,1337.0,1482.0,1229.0,618.0,343.0,694.0,565.0,16679.0,10196.0,510.0,19.0,3854.0,0.0,8.0,623.0,1469.0,41.550000000000004,973.3333333333334,717.0,36481.333333333336,0.46281666666666665,1157.3333333333333,2773.3333333333335,34261.0
BK45,0.0,0.0,0.0,0.0,0.0,0.0,0.0,0.0,0.0,0.0,0.0,0.0,0.0,0.0,0.0,0.0,0.0,0.0,0.0,0.0,0.0,0.0,0.0,0.0,0.0,0.0,0.0,0.0,0.0,,,,,,,,
BK46,6363.0,3317.0,509.0,488.0,546.0,330.0,431.0,520.0,415.0,234.0,458.0,401.0,325.0,379.0,358.0,352.0,209.0,125.0,80.0,203.0,6209.0,5057.0,170.0,0.0,393.0,0.0,0.0,148.0,441.0,33.05,1084.5,726.5,26561.5,0.5251,1200.0,3102.5,27158.5
BK50,63739.0,34888.0,4107.0,3925.0,4031.0,3927.0,4014.0,4556.0,4434.0,3983.0,4104.0,4161.0,3770.0,5255.0,4416.0,3529.0,2333.0,1518.0,741.0,935.0,62420.0,2983.0,53155.0,24.0,2039.0,0.0,316.0,649.0,3254.0,37.891666666666666,856.0416666666666,652.9166666666666,38489.25,0.3929958333333334,1256.2916666666667,2579.8333333333335,30859.375
BK58,52474.0,27896.0,3524.0,2953.0,3361.0,3827.0,3238.0,3124.0,3328.0,3143.0,3175.0,3092.0,3388.0,3676.0,3781.0,3162.0,2145.0,1476.0,944.0,1137.0,51540.0,6918.0,35179.0,0.0,2883.0,0.0,412.0,567.0,5581.0,38.185,834.8,644.8,35864.1,0.396095,1158.45,2570.55,31388.95
BK60,43950.0,24292.0,1966.0,1648.0,2285.0,2311.0,2339.0,4554.0,5073.0,3642.0,2357.0,2969.0,2987.0,2634.0,2297.0,2315.0,1747.0,1178.0,812.0,836.0,42300.0,6258.0,29598.0,70.0,803.0,0.0,263.0,1210.0,4098.0,39.68181818181818,1530.0,833.8181818181819,31306.909090909092,0.4782363636363636,1816.5454545454545,3723.818181818182,31542.272727272728
BK61,64564.0,35670.0,4030.0,2941.0,3151.0,2528.0,4363.0,9040.0,7005.0,5001.0,4532.0,3209.0,3718.0,4290.0,3074.0,2439.0,2255.0,1105.0,1081.0,802.0,60769.0,10732.0,38517.0,73.0,1847.0,0.0,219.0,1759.0,7622.0,34.53333333333333,1713.8,858.2666666666667,32049.733333333334,0.5038199999999999,1865.8,4009.733333333333,33279.2
BK63,4578.0,2320.0,508.0,283.0,408.0,561.0,348.0,508.0,286.0,124.0,215.0,152.0,272.0,191.0,120.0,112.0,190.0,94.0,126.0,80.0,4547.0,3241.0,1122.0,13.0,10.0,0.0,0.0,28.0,133.0,26.3,1318.0,910.0,22148.0,0.4645,1444.0,4547.0,18958.0
BK64,3407.0,1917.0,228.0,197.0,276.0,32.0,90.0,357.0,574.0,349.0,347.0,378.0,185.0,134.0,39.0,58.0,115.0,37.0,11.0,0.0,3128.0,1695.0,494.0,12.0,491.0,0.0,36.0,311.0,89.0,35.4,1415.0,710.0,62633.0,0.4346,1857.0,3128.0,64354.0
BK68,7064.0,3738.0,326.0,277.0,449.0,535.0,415.0,690.0,701.0,845.0,481.0,500.0,340.0,225.0,465.0,190.0,279.0,210.0,77.0,59.0,6060.0,1220.0,2680.0,37.0,400.0,0.0,47.0,142.0,1534.0,36.3,1396.0,658.0,38015.5,0.5307,1221.5,3024.0,50471.0
BK69,4277.0,2250.0,382.0,139.0,110.0,60.0,136.0,427.0,779.0,598.0,394.0,268.0,177.0,141.0,167.0,69.0,93.0,218.0,42.0,77.0,3945.0,2261.0,1018.0,0.0,195.0,0.0,18.0,279.0,174.0,34.3,1791.0,724.0,65022.0,0.4438,2273.0,3908.0,67981.0
BK72,2878.0,1554.0,324.0,309.0,348.0,258.0,175.0,110.0,54.0,144.0,114.0,68.0,58.0,166.0,234.0,232.0,76.0,52.0,61.0,95.0,2483.0,1942.0,84.0,0.0,0.0,0.0,0.0,0.0,457.0,27.1,825.0,608.0,16517.0,0.4947,702.0,2483.0,12979.0
BK73,17019.0,8460.0,838.0,490.0,492.0,645.0,1202.0,3290.0,2889.0,1907.0,1060.0,798.0,475.0,660.0,622.0,374.0,618.0,337.0,214.0,108.0,15930.0,9385.0,442.0,0.0,1008.0,22.0,0.0,320.0,4753.0,32.875,1894.5,754.0,51510.5,0.49460000000000004,2250.75,3976.75,57004.75
BK75,29582.0,16503.0,1368.0,1516.0,1554.0,1445.0,2449.0,3279.0,4626.0,2485.0,1870.0,1818.0,1943.0,1466.0,973.0,771.0,644.0,717.0,421.0,237.0,28231.0,7478.0,12531.0,38.0,1066.0,0.0,17.0,583.0,6518.0,31.8,1596.7142857142858,825.4285714285714,32365.14285714286,0.5011285714285714,1888.7142857142858,4010.1428571428573,34510.57142857143
BK76,19119.0,9738.0,977.0,637.0,354.0,376.0,720.0,2462.0,3635.0,2638.0,1735.0,1086.0,702.0,960.0,745.0,647.0,540.0,402.0,221.0,282.0,17829.0,14101.0,253.0,0.0,570.0,0.0,19.0,555.0,2331.0,34.86666666666667,1433.1666666666667,574.5,56057.666666666664,0.43650000000000005,1846.5,2964.3333333333335,56451.166666666664
BK77,23954.0,12349.0,1588.0,1021.0,1396.0,1220.0,2202.0,4216.0,3064.0,2144.0,1589.0,1259.0,1233.0,840.0,688.0,546.0,405.0,276.0,176.0,91.0,23774.0,4652.0,1683.0,38.0,1143.0,0.0,46.0,360.0,15852.0,30.0,1633.8,880.2,28482.8,0.4727,2429.8,4739.4,24250.0
BK78,23016.0,11766.0,799.0,1128.0,931.0,804.0,2111.0,4579.0,3913.0,1743.0,812.0,1101.0,732.0,1516.0,715.0,543.0,381.0,419.0,368.0,421.0,21575.0,4477.0,6395.0,0.0,965.0,0.0,286.0,325.0,9127.0,30.933333333333334,1348.5,616.1666666666666,29052.333333333332,0.49705,1774.6666666666667,3570.8333333333335,29656.0
BK79,10298.0,5412.0,1036.0,1165.0,450.0,754.0,744.0,628.0,943.0,656.0,559.0,738.0,743.0,421.0,480.0,387.0,231.0,230.0,86.0,47.0,9543.0,521.0,6979.0,0.0,79.0,0.0,0.0,111.0,1853.0,32.9,1175.0,727.3333333333334,33298.333333333336,0.4524333333333333,1281.3333333333333,3174.3333333333335,24132.0
BK81,17866.0,10354.0,1078.0,1132.0,1509.0,748.0,913.0,1418.0,1446.0,1128.0,1340.0,962.0,1281.0,1229.0,1896.0,635.0,422.0,158.0,415.0,156.0,17304.0,233.0,13456.0,0.0,209.0,39.0,0.0,152.0,3215.0,36.98,1488.0,747.4,20619.2,0.5308200000000001,1109.4,3451.6,19401.8
BK82,57662.0,31627.0,5356.0,5086.0,4439.0,3330.0,4085.0,3869.0,4515.0,3767.0,3402.0,2859.0,3261.0,3373.0,2949.0,2318.0,1819.0,1495.0,750.0,989.0,53271.0,945.0,34059.0,15.0,512.0,62.0,574.0,479.0,16625.0,32.64,1271.9333333333334,853.2,23578.733333333334,0.4839866666666667,1251.1333333333334,3519.5333333333333,18453.933333333334
BK83,7415.0,3881.0,575.0,456.0,567.0,729.0,422.0,713.0,475.0,538.0,477.0,291.0,618.0,547.0,314.0,307.0,222.0,98.0,47.0,19.0,6766.0,175.0,1725.0,13.0,824.0,0.0,70.0,177.0,3782.0,32.9,712.3333333333334,515.3333333333334,23821.666666666668,0.4955,909.3333333333334,2240.6666666666665,18228.333333333332
BK85,10973.0,6715.0,746.0,645.0,895.0,611.0,631.0,924.0,1019.0,781.0,726.0,570.0,518.0,602.0,1048.0,586.0,313.0,138.0,156.0,64.0,10728.0,94.0,7736.0,55.0,52.0,0.0,179.0,100.0,2512.0,33.6,1375.6666666666667,800.6666666666666,20544.0,0.4955666666666667,1276.0,3557.3333333333335,17453.333333333332
BK88,56503.0,28032.0,9942.0,7499.0,6353.0,5041.0,3929.0,3804.0,2885.0,2318.0,1953.0,2261.0,1164.0,1531.0,2101.0,2346.0,1482.0,716.0,376.0,802.0,51673.0,45344.0,439.0,88.0,1914.0,10.0,295.0,276.0,3307.0,22.053846153846152,997.9230769230769,824.4615384615385,21658.23076923077,0.4954384615384615,1119.8461538461538,3946.769230769231,16663.53846153846
BK90,10265.0,5240.0,718.0,296.0,290.0,403.0,789.0,1437.0,1622.0,1066.0,765.0,581.0,385.0,362.0,614.0,239.0,233.0,153.0,201.0,111.0,9693.0,4373.0,680.0,0.0,1244.0,0.0,10.0,150.0,3236.0,34.6,1589.3333333333333,642.6666666666666,47270.666666666664,0.47576666666666667,1806.3333333333333,3231.0,50206.0
BK91,12969.0,7080.0,509.0,704.0,903.0,851.0,639.0,840.0,752.0,807.0,588.0,1001.0,800.0,710.0,932.0,825.0,817.0,626.0,410.0,255.0,12643.0,92.0,11620.0,32.0,239.0,0.0,20.0,212.0,428.0,43.18333333333334,719.0,538.0,31093.666666666668,0.41700000000000004,957.0,2096.0,29149.5
BK93,0.0,0.0,0.0,0.0,0.0,0.0,0.0,0.0,0.0,0.0,0.0,0.0,0.0,0.0,0.0,0.0,0.0,0.0,0.0,0.0,0.0,0.0,0.0,0.0,0.0,0.0,0.0,0.0,0.0,,,,,,,,
BK95,8454.0,4550.0,371.0,451.0,477.0,473.0,611.0,750.0,882.0,512.0,553.0,621.0,728.0,616.0,396.0,229.0,442.0,37.0,110.0,195.0,8617.0,666.0,6980.0,11.0,86.0,0.0,17.0,174.0,683.0,34.8,1567.5,1071.0,31526.0,0.43235,2028.0,4302.0,27763.5
BK96,17159.0,9082.0,953.0,870.0,767.0,906.0,917.0,1532.0,1088.0,896.0,1222.0,1148.0,1342.0,1157.0,1187.0,982.0,748.0,690.0,332.0,422.0,16129.0,123.0,14765.0,0.0,140.0,0.0,44.0,221.0,836.0,42.18333333333333,995.1666666666666,713.8333333333334,34380.666666666664,0.4165833333333333,1290.0,2685.1666666666665,30752.666666666668
BK99,0.0,0.0,0.0,0.0,0.0,0.0,0.0,0.0,0.0,0.0,0.0,0.0,0.0,0.0,0.0,0.0,0.0,0.0,0.0,0.0,0.0,0.0,0.0,0.0,0.0,0.0,0.0,0.0,0.0,,,,,,,,
BX01,0.0,0.0,0.0,0.0,0.0,0.0,0.0,0.0,0.0,0.0,0.0,0.0,0.0,0.0,0.0,0.0,0.0,0.0,0.0,0.0,0.0,0.0,0.0,0.0,0.0,0.0,0.0,0.0,0.0,,,,,,,,
BX03,3108.0,1766.0,211.0,66.0,199.0,349.0,240.0,287.0,167.0,169.0,122.0,278.0,303.0,236.0,72.0,158.0,70.0,31.0,59.0,91.0,3246.0,111.0,2119.0,6.0,26.0,0.0,0.0,13.0,971.0,38.5,1021.0,720.0,21439.0,0.5226,932.0,3006.0,18321.0
BX05,11358.0,5984.0,930.0,779.0,1006.0,933.0,826.0,887.0,1056.0,340.0,776.0,929.0,653.0,604.0,570.0,382.0,446.0,72.0,40.0,129.0,11663.0,175.0,2516.0,0.0,537.0,0.0,30.0,32.0,8373.0,29.75,1845.5,1278.5,20369.0,0.5122,2172.5,5809.0,17050.0
BX06,5333.0,2741.0,455.0,434.0,291.0,341.0,868.0,516.0,269.0,460.0,441.0,234.0,228.0,253.0,274.0,119.0,68.0,26.0,19.0,37.0,5521.0,1282.0,405.0,0.0,220.0,0.0,19.0,30.0,3565.0,25.8,1705.0,1007.0,16352.0,0.4283,2200.0,5431.0,13158.0
BX07,9715.0,4951.0,735.0,574.0,810.0,585.0,634.0,676.0,699.0,630.0,909.0,658.0,638.0,527.0,298.0,361.0,448.0,159.0,177.0,197.0,9615.0,3022.0,1352.0,0.0,398.0,0.0,88.0,164.0,4591.0,36.9,1813.0,1166.0,23089.0,0.4696,1693.5,4790.0,17903.0
BX08,4061.0,2095.0,232.0,232.0,390.0,277.0,303.0,288.0,228.0,121.0,325.0,377.0,301.0,193.0,155.0,173.0,111.0,128.0,69.0,158.0,3932.0,194.0,1418.0,0.0,192.0,0.0,21.0,140.0,1967.0,38.9,1271.0,945.0,20153.0,0.4932,1361.0,3855.0,17827.0
BX09,0.0,0.0,0.0,0.0,0.0,0.0,0.0,0.0,0.0,0.0,0.0,0.0,0.0,0.0,0.0,0.0,0.0,0.0,0.0,0.0,0.0,0.0,0.0,0.0,0.0,0.0,0.0,0.0,0.0,,,,,,,,
BX10,0.0,0.0,0.0,0.0,0.0,0.0,0.0,0.0,0.0,0.0,0.0,0.0,0.0,0.0,0.0,0.0,0.0,0.0,0.0,0.0,0.0,0.0,0.0,0.0,0.0,0.0,0.0,0.0,0.0,,,,,,,,
BX13,0.0,0.0,0.0,0.0,0.0,0.0,0.0,0.0,0.0,0.0,0.0,0.0,0.0,0.0,0.0,0.0,0.0,0.0,0.0,0.0,0.0,0.0,0.0,0.0,0.0,0.0,0.0,0.0,0.0,,,,,,,,
BX14,18370.0,9787.0,1660.0,1134.0,1514.0,1053.0,1399.0,1457.0,1475.0,1708.0,859.0,1065.0,907.0,1076.0,913.0,531.0,884.0,368.0,184.0,183.0,18361.0,359.0,6153.0,92.0,40.0,0.0,117.0,219.0,11381.0,32.125,1524.5,1039.75,17841.25,0.529875,1770.0,4460.75,17716.25
BX17,4700.0,2521.0,332.0,461.0,509.0,226.0,252.0,605.0,430.0,395.0,263.0,274.0,261.0,303.0,165.0,87.0,94.0,40.0,3.0,0.0,5015.0,79.0,1401.0,4.0,66.0,0.0,3.0,14.0,3448.0,28.25,690.5,475.0,16605.5,0.53495,945.5,2380.0,16089.0
BX22,17896.0,9387.0,883.0,725.0,917.0,1497.0,834.0,706.0,1014.0,977.0,1470.0,1002.0,857.0,1081.0,1142.0,1376.0,1267.0,755.0,731.0,662.0,17581.0,10610.0,1569.0,0.0,822.0,0.0,267.0,424.0,3889.0,43.699999999999996,1922.75,1004.75,52417.0,0.455,1884.75,4064.25,51804.75
BX26,7899.0,3751.0,515.0,778.0,774.0,258.0,273.0,418.0,687.0,559.0,418.0,810.0,664.0,675.0,399.0,200.0,407.0,21.0,0.0,43.0,8338.0,143.0,2491.0,0.0,0.0,0.0,45.0,60.0,5599.0,33.4,2922.0,1930.0,22395.0,0.4556,4147.0,8338.0,20527.0
BX27,0.0,0.0,0.0,0.0,0.0,0.0,0.0,0.0,0.0,0.0,0.0,0.0,0.0,0.0,0.0,0.0,0.0,0.0,0.0,0.0,0.0,0.0,0.0,0.0,0.0,0.0,0.0,0.0,0.0,,,,,,,,
BX28,12399.0,6518.0,1091.0,973.0,888.0,662.0,934.0,1130.0,944.0,678.0,718.0,781.0,583.0,615.0,685.0,453.0,374.0,106.0,378.0,406.0,12795.0,286.0,1678.0,206.0,149.0,0.0,151.0,151.0,10174.0,31.200000000000003,2104.5,1536.0,20278.5,0.48560000000000003,2599.5,6343.5,17851.0
BX29,8095.0,4465.0,511.0,431.0,649.0,457.0,388.0,477.0,615.0,594.0,459.0,718.0,362.0,647.0,499.0,315.0,268.0,217.0,288.0,200.0,7960.0,1579.0,532.0,17.0,380.0,0.0,199.0,66.0,5187.0,38.45,1568.0,933.5,32242.5,0.4487,1761.0,3888.0,29326.0
BX30,6313.0,3316.0,691.0,543.0,585.0,229.0,590.0,407.0,613.0,458.0,543.0,255.0,345.0,367.0,230.0,175.0,76.0,142.0,52.0,12.0,6199.0,24.0,830.0,0.0,213.0,0.0,90.0,110.0,4932.0,30.0,1984.0,1401.0,20651.0,0.3857,2311.0,6145.0,14813.0
BX31,8260.0,4281.0,406.0,501.0,456.0,395.0,551.0,528.0,614.0,384.0,638.0,437.0,521.0,675.0,393.0,499.0,320.0,230.0,252.0,460.0,7836.0,2609.0,1422.0,0.0,872.0,0.0,165.0,170.0,2598.0,44.875,600.5,470.75,37394.0,0.39075,887.75,1869.25,36191.25
BX33,0.0,0.0,0.0,0.0,0.0,0.0,0.0,0.0,0.0,0.0,0.0,0.0,0.0,0.0,0.0,0.0,0.0,0.0,0.0,0.0,0.0,0.0,0.0,0.0,0.0,0.0,0.0,0.0,0.0,,,,,,,,
BX34,11458.0,6479.0,765.0,1408.0,877.0,1220.0,1030.0,963.0,715.0,545.0,743.0,490.0,791.0,628.0,433.0,267.0,164.0,265.0,88.0,66.0,11485.0,82.0,3052.0,0.0,0.0,110.0,71.0,97.0,8073.0,27.6,1896.0,1346.0,14897.5,0.49305,1611.5,5719.5,12308.0
BX35,0.0,0.0,0.0,0.0,0.0,0.0,0.0,0.0,0.0,0.0,0.0,0.0,0.0,0.0,0.0,0.0,0.0,0.0,0.0,0.0,0.0,0.0,0.0,0.0,0.0,0.0,0.0,0.0,0.0,,,,,,,,
BX36,34247.0,17893.0,2414.0,2465.0,2251.0,2713.0,2474.0,2947.0,2609.0,2498.0,2128.0,1790.0,2752.0,2446.0,1992.0,1275.0,578.0,450.0,201.0,264.0,33933.0,452.0,8226.0,0.0,232.0,19.0,138.0,123.0,24743.0,32.5875,1417.375,945.625,17857.875,0.494775,1558.625,4178.75,15902.75
BX37,3944.0,2044.0,297.0,205.0,229.0,305.0,310.0,366.0,357.0,262.0,263.0,293.0,169.0,166.0,241.0,114.0,140.0,64.0,45.0,118.0,3937.0,673.0,502.0,0.0,335.0,0.0,0.0,108.0,2319.0,33.45,705.5,456.0,31298.0,0.42384999999999995,877.0,1926.0,24437.5
BX39,33325.0,17896.0,2723.0,2649.0,2935.0,2080.0,2501.0,2652.0,2705.0,2152.0,2021.0,2033.0,1903.0,1836.0,1658.0,1123.0,779.0,663.0,437.0,475.0,32559.0,971.0,8700.0,104.0,18.0,0.0,128.0,110.0,22528.0,31.17142857142857,1704.142857142857,1012.0,16155.285714285714,0.5244857142857142,1600.5714285714287,4602.0,14043.142857142857
BX40,3821.0,1844.0,336.0,350.0,272.0,290.0,286.0,290.0,307.0,255.0,317.0,293.0,193.0,303.0,142.0,132.0,13.0,12.0,0.0,30.0,3803.0,14.0,675.0,0.0,0.0,0.0,26.0,17.0,3071.0,29.0,1320.0,869.0,14478.0,0.4839,1031.0,3802.0,10697.0
BX41,14918.0,7252.0,1217.0,1241.0,1381.0,956.0,1124.0,1285.0,1492.0,758.0,832.0,1070.0,971.0,819.0,694.0,419.0,284.0,85.0,233.0,57.0,14600.0,207.0,3678.0,24.0,177.0,0.0,39.0,257.0,10218.0,30.325,1143.5,800.0,17480.0,0.459425,1300.0,3613.0,14458.5
BX43,11817.0,6211.0,1032.0,928.0,967.0,646.0,534.0,1193.0,855.0,967.0,1080.0,842.0,819.0,531.0,388.0,319.0,339.0,180.0,100.0,97.0,11915.0,1096.0,1708.0,0.0,1160.0,0.0,73.0,85.0,7793.0,34.36666666666667,1416.6666666666667,888.3333333333334,21892.333333333332,0.4601,1730.3333333333333,3932.0,19293.333333333332
BX44,37970.0,21039.0,2308.0,2822.0,2920.0,2482.0,2709.0,3152.0,3040.0,2012.0,2003.0,2318.0,2197.0,3106.0,2056.0,1765.0,1427.0,717.0,474.0,462.0,37392.0,600.0,25783.0,120.0,559.0,0.0,414.0,360.0,9556.0,35.49090909090909,1133.2727272727273,746.6363636363636,27673.18181818182,0.4597727272727273,1463.909090909091,3380.181818181818,23943.454545454544
BX46,13349.0,7316.0,1075.0,931.0,1155.0,574.0,802.0,707.0,1378.0,724.0,1127.0,623.0,736.0,763.0,741.0,656.0,501.0,399.0,317.0,140.0,12463.0,154.0,5569.0,25.0,2718.0,0.0,25.0,113.0,3859.0,39.7,2654.5,1594.0,31446.0,0.40954999999999997,3022.0,6231.5,29980.5
BX49,18753.0,9648.0,1044.0,879.0,1506.0,1009.0,926.0,1504.0,1563.0,1217.0,1272.0,1184.0,1745.0,1151.0,956.0,1275.0,486.0,501.0,243.0,292.0,18263.0,5662.0,2075.0,85.0,2445.0,0.0,13.0,343.0,7640.0,39.42,1415.4,948.2,37646.6,0.43684,1790.2,3651.4,33610.0
BX52,0.0,0.0,0.0,0.0,0.0,0.0,0.0,0.0,0.0,0.0,0.0,0.0,0.0,0.0,0.0,0.0,0.0,0.0,0.0,0.0,0.0,0.0,0.0,0.0,0.0,0.0,0.0,0.0,0.0,,,,,,,,
BX55,8855.0,4745.0,838.0,636.0,790.0,548.0,717.0,813.0,549.0,588.0,539.0,369.0,324.0,700.0,453.0,311.0,222.0,212.0,95.0,151.0,9005.0,336.0,2654.0,55.0,161.0,0.0,19.0,57.0,5723.0,30.5,1582.0,1072.0,15787.0,0.5384,1230.0,4320.0,14337.0
BX59,2425.0,1292.0,188.0,138.0,88.0,136.0,205.0,215.0,259.0,100.0,248.0,246.0,58.0,155.0,96.0,83.0,108.0,57.0,2.0,43.0,2237.0,79.0,170.0,0.0,724.0,0.0,32.0,56.0,1176.0,36.9,906.0,407.0,24591.0,0.4486,926.0,2237.0,22785.0
BX62,13118.0,7424.0,675.0,629.0,994.0,858.0,841.0,736.0,977.0,739.0,708.0,615.0,894.0,1279.0,984.0,664.0,630.0,430.0,300.0,165.0,12970.0,1462.0,6650.0,13.0,1012.0,0.0,657.0,525.0,2651.0,40.0,894.8,622.4,35172.0,0.45755999999999997,1104.0,2578.8,31696.2
BX63,13761.0,7000.0,644.0,893.0,1333.0,1259.0,1041.0,1377.0,980.0,1006.0,1001.0,597.0,1149.0,1029.0,533.0,260.0,177.0,221.0,169.0,92.0,12471.0,197.0,2747.0,4.0,79.0,0.0,30.0,243.0,9171.0,33.5,2186.0,1375.5,18137.5,0.4415,2345.0,6202.5,14588.5
BX75,5155.0,2473.0,335.0,360.0,372.0,341.0,319.0,743.0,321.0,310.0,256.0,385.0,332.0,203.0,241.0,477.0,74.0,50.0,23.0,13.0,4704.0,54.0,1333.0,0.0,83.0,0.0,29.0,40.0,3165.0,29.9,1695.0,1075.0,20800.0,0.5585,1857.0,4682.0,20523.0
BX98,0.0,0.0,0.0,0.0,0.0,0.0,0.0,0.0,0.0,0.0,0.0,0.0,0.0,0.0,0.0,0.0,0.0,0.0,0.0,0.0,0.0,0.0,0.0,0.0,0.0,0.0,0.0,0.0,0.0,,,,,,,,
BX99,0.0,0.0,0.0,0.0,0.0,0.0,0.0,0.0,0.0,0.0,0.0,0.0,0.0,0.0,0.0,0.0,0.0,0.0,0.0,0.0,0.0,0.0,0.0,0.0,0.0,0.0,0.0,0.0,0.0,,,,,,,,
MN01,0.0,0.0,0.0,0.0,0.0,0.0,0.0,0.0,0.0,0.0,0.0,0.0,0.0,0.0,0.0,0.0,0.0,0.0,0.0,0.0,0.0,0.0,0.0,0.0,0.0,0.0,0.0,0.0,0.0,,,,,,,,
MN03,52414.0,27826.0,3879.0,3160.0,2751.0,2328.0,3185.0,5549.0,4205.0,4663.0,3980.0,3728.0,2852.0,3027.0,2692.0,2125.0,1568.0,969.0,690.0,1063.0,51104.0,5790.0,31037.0,5.0,1088.0,111.0,144.0,1095.0,11834.0,35.8125,2688.375,1272.0,31584.125,0.53285,2749.0,6336.875,35750.125
MN04,12139.0,6558.0,408.0,674.0,398.0,357.0,497.0,1065.0,1632.0,1871.0,906.0,871.0,991.0,400.0,739.0,542.0,411.0,171.0,55.0,151.0,12025.0,2118.0,4301.0,0.0,458.0,0.0,36.0,361.0,4751.0,36.650000000000006,2412.0,1054.5,33564.5,0.50595,3437.5,5979.0,37423.5
MN06,6553.0,2907.0,412.0,407.0,227.0,188.0,573.0,684.0,877.0,441.0,508.0,422.0,437.0,371.0,316.0,116.0,158.0,136.0,129.0,151.0,6283.0,961.0,2639.0,0.0,422.0,0.0,16.0,231.0,2014.0,33.0,2329.0,1021.0,25361.0,0.5319,2753.0,6251.0,26790.0
MN09,8765.0,4761.0,258.0,129.0,82.0,2238.0,2598.0,1200.0,712.0,365.0,166.0,187.0,76.0,177.0,232.0,171.0,63.0,82.0,13.0,16.0,8502.0,4188.0,731.0,87.0,1812.0,5.0,4.0,257.0,1418.0,23.633333333333336,606.0,251.66666666666666,20594.0,0.5896,896.3333333333334,1310.0,29479.666666666668
MN11,31667.0,16766.0,1863.0,1726.0,1561.0,1150.0,2232.0,3618.0,3045.0,2761.0,2255.0,2081.0,2523.0,2011.0,1456.0,1303.0,694.0,684.0,335.0,369.0,31730.0,5937.0,15897.0,0.0,1818.0,0.0,122.0,871.0,7085.0,36.04,2534.6,1264.0,35611.4,0.56228,2922.8,6263.0,42712.8
MN12,55626.0,31804.0,4158.0,2261.0,1855.0,1515.0,1197.0,4459.0,6641.0,4628.0,3704.0,3006.0,3552.0,2847.0,2939.0,3477.0,3273.0,2252.0,1474.0,2388.0,51402.0,34886.0,3318.0,0.0,4471.0,0.0,241.0,1028.0,7458.0,43.01428571428572,3742.4285714285716,1665.4285714285713,79479.14285714286,0.5647142857142857,3658.8571428571427,7332.285714285715,115530.57142857143
MN13,48939.0,23697.0,1399.0,1180.0,1247.0,1963.0,2486.0,4777.0,5838.0,3401.0,3481.0,3191.0,3195.0,4740.0,3212.0,2074.0,2491.0,1903.0,1242.0,1119.0,47698.0,29940.0,2293.0,17.0,6331.0,21.0,274.0,1080.0,7742.0,40.51111111111111,2982.222222222222,899.7777777777778,80584.33333333333,0.5320666666666667,3134.6666666666665,5136.666666666667,104248.0
MN14,8453.0,4606.0,522.0,313.0,171.0,371.0,195.0,445.0,832.0,785.0,698.0,456.0,430.0,777.0,399.0,515.0,728.0,392.0,144.0,280.0,8467.0,5614.0,122.0,0.0,1489.0,0.0,17.0,177.0,1048.0,41.55,2275.5,961.0,102382.5,0.52015,2418.0,4057.0,144106.5
MN15,13769.0,5647.0,303.0,107.0,239.0,94.0,1132.0,2200.0,2074.0,1653.0,1208.0,707.0,616.0,1173.0,762.0,565.0,294.0,178.0,281.0,183.0,12935.0,6229.0,562.0,16.0,2445.0,0.0,118.0,625.0,2940.0,37.75,3662.5,914.0,63833.0,0.5922499999999999,4448.0,6463.5,94719.0
MN17,5078.0,2653.0,128.0,90.0,95.0,51.0,336.0,874.0,634.0,509.0,397.0,281.0,366.0,225.0,244.0,178.0,168.0,163.0,117.0,222.0,5019.0,2733.0,108.0,28.0,1640.0,16.0,48.0,53.0,393.0,37.86666666666667,472.5,113.5,-111028219.5,0.46925,548.8333333333334,836.1666666666666,110712.83333333333
MN19,15201.0,8386.0,441.0,291.0,355.0,172.0,1182.0,1740.0,1893.0,1303.0,668.0,623.0,1116.0,597.0,1551.0,506.0,1175.0,797.0,558.0,233.0,14935.0,10657.0,371.0,10.0,2492.0,0.0,0.0,205.0,1200.0,39.3,4417.0,1327.5,89891.5,0.49945,4535.5,7467.5,116727.0
MN20,0.0,0.0,0.0,0.0,0.0,0.0,0.0,0.0,0.0,0.0,0.0,0.0,0.0,0.0,0.0,0.0,0.0,0.0,0.0,0.0,0.0,0.0,0.0,0.0,0.0,0.0,0.0,0.0,0.0,,,,,,,,
MN21,6541.0,3286.0,173.0,56.0,220.0,968.0,877.0,718.0,529.0,259.0,410.0,133.0,465.0,467.0,392.0,242.0,309.0,157.0,66.0,100.0,6230.0,4472.0,185.0,0.0,904.0,63.0,17.0,117.0,472.0,33.2,2964.0,784.0,79167.0,0.4984,3661.0,5093.0,96621.0
MN22,11126.0,5069.0,217.0,189.0,437.0,110.0,577.0,1945.0,1495.0,825.0,303.0,429.0,779.0,1571.0,403.0,640.0,355.0,121.0,459.0,271.0,10753.0,7226.0,542.0,0.0,1285.0,0.0,22.0,106.0,1572.0,38.8,3165.0,853.0,50829.5,0.5459,2931.5,5376.5,60252.5
MN23,28486.0,14777.0,707.0,217.0,443.0,1977.0,2426.0,4061.0,4418.0,2408.0,1621.0,1518.0,1548.0,1646.0,1121.0,1377.0,1089.0,953.0,448.0,508.0,29483.0,23318.0,667.0,0.0,2754.0,0.0,82.0,702.0,1960.0,37.449999999999996,2671.1666666666665,823.3333333333334,87372.83333333333,0.5099666666666667,2817.0,4530.833333333333,108462.66666666667
MN24,20088.0,9696.0,658.0,571.0,944.0,887.0,2229.0,2077.0,1811.0,1780.0,1249.0,1436.0,1848.0,1113.0,923.0,1108.0,545.0,320.0,119.0,470.0,19200.0,10449.0,415.0,44.0,6583.0,0.0,116.0,481.0,1112.0,35.68,1657.0,746.2,61161.4,0.5577,2115.8,3538.6,112609.0
MN25,0.0,0.0,0.0,0.0,0.0,0.0,0.0,0.0,0.0,0.0,0.0,0.0,0.0,0.0,0.0,0.0,0.0,0.0,0.0,0.0,0.0,0.0,0.0,0.0,0.0,0.0,0.0,0.0,0.0,,,,,,,,
MN27,6542.0,3426.0,190.0,212.0,640.0,596.0,166.0,377.0,311.0,293.0,339.0,368.0,347.0,421.0,560.0,451.0,350.0,338.0,244.0,339.0,6824.0,319.0,1217.0,8.0,3183.0,0.0,4.0,370.0,1723.0,48.75,1372.0,810.0,20341.5,0.5586,1026.5,3403.5,36227.0
MN28,17647.0,9009.0,691.0,1186.0,1462.0,1139.0,937.0,832.0,1063.0,1275.0,1065.0,1050.0,754.0,1638.0,1069.0,934.0,873.0,673.0,617.0,389.0,16661.0,2535.0,1877.0,0.0,3854.0,0.0,0.0,216.0,8179.0,42.425,1860.75,1000.0,18941.0,0.523075,1423.75,4149.0,23199.5
MN31,18843.0,9918.0,1371.0,844.0,780.0,631.0,677.0,1700.0,2963.0,1867.0,1334.0,1208.0,670.0,873.0,943.0,698.0,452.0,442.0,974.0,416.0,18181.0,13458.0,316.0,19.0,2452.0,7.0,34.0,376.0,1519.0,35.46666666666667,3050.0,1290.3333333333333,75024.66666666667,0.5222333333333333,3615.6666666666665,5849.666666666667,97820.66666666667
MN32,4644.0,2570.0,122.0,248.0,156.0,83.0,75.0,175.0,739.0,378.0,381.0,225.0,204.0,648.0,220.0,274.0,394.0,152.0,94.0,76.0,4720.0,3852.0,0.0,0.0,457.0,0.0,0.0,105.0,306.0,47.6,2475.0,1103.0,80777.0,0.6039,2563.0,4720.0,136546.0
MN33,20271.0,11180.0,978.0,708.0,835.0,1176.0,1611.0,2130.0,2358.0,1435.0,841.0,1250.0,1460.0,1685.0,1032.0,983.0,723.0,444.0,356.0,266.0,20637.0,5133.0,3329.0,51.0,2794.0,0.0,32.0,304.0,8994.0,34.625,2178.75,1027.5,35947.25,0.55175,2224.75,4831.25,43294.25
MN34,18642.0,9903.0,1160.0,1092.0,1066.0,995.0,1396.0,2099.0,1571.0,1370.0,1306.0,1047.0,1145.0,994.0,1023.0,586.0,558.0,464.0,406.0,364.0,19505.0,1736.0,5434.0,0.0,711.0,0.0,416.0,246.0,10962.0,32.53333333333333,2628.3333333333335,1260.0,20123.333333333332,0.5498666666666666,2426.3333333333335,6470.666666666667,21659.333333333332
MN35,31855.0,15120.0,1410.0,2032.0,1528.0,1520.0,1741.0,3400.0,2400.0,3275.0,2020.0,2494.0,2145.0,1933.0,1587.0,1704.0,999.0,781.0,350.0,536.0,31380.0,9687.0,1198.0,16.0,936.0,0.0,25.0,653.0,18865.0,38.15,2878.0,1655.25,35727.0,0.43005000000000004,3591.5,7738.75,36938.75
MN36,37769.0,18396.0,1460.0,1718.0,1515.0,1597.0,3368.0,4867.0,3637.0,3286.0,2476.0,2257.0,2231.0,2014.0,2079.0,1876.0,1118.0,847.0,736.0,687.0,38563.0,4215.0,4496.0,4.0,983.0,0.0,115.0,278.0,28472.0,34.7,2459.8,1349.4,20351.8,0.44302,3730.2,7613.8,23227.8
MN40,27653.0,15251.0,1345.0,1427.0,1277.0,1093.0,814.0,2071.0,2282.0,1656.0,1442.0,1707.0,1895.0,1541.0,1909.0,1386.0,1871.0,1664.0,1060.0,1213.0,26916.0,21883.0,355.0,0.0,1690.0,0.0,23.0,766.0,2199.0,47.48333333333333,2277.1666666666665,1114.3333333333333,94533.83333333333,0.5619999999999999,2139.1666666666665,4483.333333333333,154651.16666666666
MN50,0.0,0.0,0.0,0.0,0.0,0.0,0.0,0.0,0.0,0.0,0.0,0.0,0.0,0.0,0.0,0.0,0.0,0.0,0.0,0.0,0.0,0.0,0.0,0.0,0.0,0.0,0.0,0.0,0.0,,,,,,,,
MN99,0.0,0.0,0.0,0.0,0.0,0.0,0.0,0.0,0.0,0.0,0.0,0.0,0.0,0.0,0.0,0.0,0.0,0.0,0.0,0.0,0.0,0.0,0.0,0.0,0.0,0.0,0.0,0.0,0.0,,,,,,,,
QN01,15002.0,7827.0,861.0,1039.0,1092.0,1164.0,1162.0,1232.0,1127.0,995.0,799.0,985.0,970.0,1123.0,793.0,648.0,354.0,353.0,152.0,153.0,14029.0,182.0,9248.0,71.0,991.0,0.0,1145.0,243.0,2149.0,34.71666666666667,616.0,488.6666666666667,28077.333333333332,0.39211666666666667,1031.8333333333333,2327.3333333333335,23022.333333333332
QN02,0.0,0.0,0.0,0.0,0.0,0.0,0.0,0.0,0.0,0.0,0.0,0.0,0.0,0.0,0.0,0.0,0.0,0.0,0.0,0.0,0.0,0.0,0.0,0.0,0.0,0.0,0.0,0.0,0.0,,,,,,,,
QN03,4213.0,2330.0,306.0,174.0,302.0,196.0,351.0,282.0,324.0,168.0,454.0,218.0,257.0,266.0,229.0,333.0,171.0,32.0,57.0,93.0,3752.0,114.0,3313.0,0.0,20.0,57.0,135.0,91.0,22.0,35.3,978.0,811.0,37603.0,0.3736,1700.0,3741.0,29820.0
QN05,0.0,0.0,0.0,0.0,0.0,0.0,0.0,0.0,0.0,0.0,0.0,0.0,0.0,0.0,0.0,0.0,0.0,0.0,0.0,0.0,0.0,0.0,0.0,0.0,0.0,0.0,0.0,0.0,0.0,,,,,,,,
QN06,4631.0,2377.0,305.0,202.0,588.0,186.0,272.0,210.0,276.0,375.0,312.0,469.0,341.0,216.0,304.0,84.0,161.0,107.0,137.0,86.0,3882.0,400.0,962.0,0.0,1560.0,0.0,33.0,81.0,846.0,38.3,1356.0,851.0,45972.0,0.4897,1794.0,3882.0,36066.0
QN07,6516.0,3496.0,242.0,310.0,283.0,417.0,559.0,490.0,429.0,410.0,379.0,464.0,515.0,500.0,332.0,393.0,269.0,165.0,104.0,255.0,6234.0,70.0,4731.0,0.0,458.0,0.0,183.0,170.0,622.0,39.725,461.5,360.5,30144.75,0.39795,748.5,1552.0,28661.25
QN08,28499.0,15512.0,1892.0,1297.0,1623.0,1763.0,1920.0,1732.0,2182.0,1971.0,1638.0,1374.0,2246.0,2478.0,2469.0,1165.0,960.0,581.0,545.0,663.0,26055.0,649.0,21976.0,13.0,543.0,14.0,723.0,382.0,1755.0,42.86363636363637,721.0909090909091,542.0,34358.545454545456,-60606060.1645,1089.8181818181818,2332.2727272727275,30405.636363636364
QN10,0.0,0.0,0.0,0.0,0.0,0.0,0.0,0.0,0.0,0.0,0.0,0.0,0.0,0.0,0.0,0.0,0.0,0.0,0.0,0.0,0.0,0.0,0.0,0.0,0.0,0.0,0.0,0.0,0.0,,,,,,,,
QN12,0.0,0.0,0.0,0.0,0.0,0.0,0.0,0.0,0.0,0.0,0.0,0.0,0.0,0.0,0.0,0.0,0.0,0.0,0.0,0.0,0.0,0.0,0.0,0.0,0.0,0.0,0.0,0.0,0.0,,,,,,,,
QN15,0.0,0.0,0.0,0.0,0.0,0.0,0.0,0.0,0.0,0.0,0.0,0.0,0.0,0.0,0.0,0.0,0.0,0.0,0.0,0.0,0.0,0.0,0.0,0.0,0.0,0.0,0.0,0.0,0.0,,,,,,,,
QN17,42529.0,22501.0,2906.0,1994.0,2080.0,1274.0,1122.0,3371.0,3435.0,3343.0,2836.0,2911.0,2713.0,3798.0,2917.0,2321.0,1461.0,1676.0,1218.0,1153.0,40199.0,21166.0,1044.0,53.0,10558.0,0.0,132.0,1612.0,5634.0,43.225,1551.75,835.5833333333334,56330.166666666664,0.44740833333333335,1608.5,3331.0833333333335,56253.25
QN18,5500.0,3174.0,177.0,246.0,284.0,180.0,238.0,369.0,584.0,361.0,458.0,386.0,361.0,664.0,262.0,269.0,330.0,168.0,93.0,70.0,5362.0,2040.0,405.0,0.0,1859.0,0.0,30.0,74.0,954.0,43.95,1069.0,650.5,37447.5,0.45675,1318.0,2673.5,35449.0
QN19,2617.0,1524.0,124.0,149.0,302.0,177.0,157.0,101.0,134.0,176.0,188.0,207.0,208.0,151.0,154.0,143.0,70.0,50.0,28.0,98.0,2551.0,1731.0,10.0,12.0,57.0,0.0,7.0,15.0,719.0,40.5,917.0,615.0,37375.0,0.4444,1037.0,2547.0,32021.0
QN20,38705.0,19965.0,1922.0,1787.0,2649.0,1881.0,3049.0,3738.0,3987.0,3371.0,2570.0,2816.0,2807.0,2626.0,1834.0,1159.0,897.0,676.0,483.0,453.0,38126.0,16560.0,776.0,0.0,2409.0,0.0,162.0,523.0,17696.0,33.355555555555554,1417.888888888889,936.0,35831.444444444445,0.3917777777777778,2189.8888888888887,4228.333333333333,28833.11111111111
QN21,17139.0,9067.0,706.0,1078.0,1123.0,579.0,459.0,806.0,1084.0,1184.0,968.0,1476.0,1184.0,1158.0,1073.0,1387.0,1116.0,560.0,431.0,767.0,16566.0,12665.0,76.0,0.0,1283.0,0.0,77.0,210.0,2255.0,45.471428571428575,853.7142857142857,625.2857142857143,44894.42857142857,0.40718571428571426,1160.857142857143,2358.285714285714,41961.142857142855
QN22,12247.0,6719.0,741.0,339.0,402.0,503.0,782.0,467.0,735.0,749.0,650.0,973.0,954.0,1206.0,1116.0,769.0,429.0,420.0,359.0,653.0,12239.0,593.0,228.0,0.0,10400.0,0.0,158.0,226.0,634.0,46.5,2383.5,1595.0,20062.5,0.53085,2387.5,6118.0,22814.5
QN23,0.0,0.0,0.0,0.0,0.0,0.0,0.0,0.0,0.0,0.0,0.0,0.0,0.0,0.0,0.0,0.0,0.0,0.0,0.0,0.0,0.0,0.0,0.0,0.0,0.0,0.0,0.0,0.0,0.0,,,,,,,,
QN25,29474.0,14535.0,2041.0,1609.0,2702.0,2186.0,1140.0,2284.0,2844.0,2234.0,1806.0,1975.0,1708.0,1700.0,1522.0,1082.0,1057.0,785.0,308.0,491.0,28738.0,2363.0,5287.0,85.0,3953.0,0.0,5.0,570.0,16475.0,34.475,2344.25,1711.75,21683.75,0.460375,3034.0,7139.0,19345.25
QN26,0.0,0.0,0.0,0.0,0.0,0.0,0.0,0.0,0.0,0.0,0.0,0.0,0.0,0.0,0.0,0.0,0.0,0.0,0.0,0.0,0.0,0.0,0.0,0.0,0.0,0.0,0.0,0.0,0.0,,,,,,,,
QN27,6857.0,3168.0,423.0,408.0,500.0,488.0,308.0,597.0,561.0,537.0,535.0,496.0,481.0,438.0,504.0,170.0,117.0,73.0,152.0,69.0,6941.0,217.0,1504.0,0.0,543.0,0.0,5.0,102.0,4570.0,36.6,638.6666666666666,469.3333333333333,27529.0,0.3963666666666667,879.0,2292.0,20572.666666666668
QN28,55796.0,28316.0,3110.0,2858.0,2882.0,1810.0,2835.0,3322.0,4845.0,4855.0,4040.0,3558.0,3904.0,4873.0,3323.0,2757.0,2964.0,1651.0,1096.0,1113.0,53523.0,11328.0,828.0,56.0,12163.0,0.0,80.0,864.0,28204.0,39.809090909090905,1800.6363636363637,1140.090909090909,32389.090909090908,0.4375545454545454,2311.0,4853.090909090909,31280.81818181818
QN29,8354.0,3976.0,612.0,351.0,580.0,324.0,394.0,758.0,602.0,554.0,588.0,549.0,701.0,561.0,473.0,314.0,412.0,323.0,116.0,142.0,7923.0,287.0,46.0,0.0,4885.0,0.0,23.0,13.0,2669.0,36.75,1277.5,894.0,24484.0,0.39825,1801.5,3936.5,20740.5
QN30,2647.0,1211.0,168.0,162.0,178.0,122.0,141.0,225.0,207.0,198.0,141.0,290.0,190.0,172.0,134.0,108.0,93.0,46.0,47.0,25.0,2543.0,1407.0,45.0,0.0,140.0,0.0,7.0,48.0,896.0,37.2,790.0,559.0,33000.0,0.4209,1181.0,2543.0,27136.0
QN31,0.0,0.0,0.0,0.0,0.0,0.0,0.0,0.0,0.0,0.0,0.0,0.0,0.0,0.0,0.0,0.0,0.0,0.0,0.0,0.0,0.0,0.0,0.0,0.0,0.0,0.0,0.0,0.0,0.0,,,,,,,,
QN33,13516.0,7358.0,577.0,452.0,1058.0,606.0,552.0,778.0,870.0,769.0,826.0,902.0,917.0,1291.0,893.0,500.0,961.0,707.0,449.0,408.0,12810.0,85.0,11648.0,14.0,55.0,0.0,150.0,110.0,748.0,46.65,492.75,388.375,41187.125,0.3540375,810.375,1599.5,37341.5
QN34,22699.0,11913.0,1367.0,1138.0,1010.0,1034.0,1486.0,1877.0,1558.0,1209.0,1170.0,1562.0,1678.0,1616.0,1498.0,1442.0,903.0,729.0,905.0,517.0,20719.0,988.0,9529.0,42.0,3237.0,0.0,1945.0,994.0,3984.0,42.1,722.875,598.75,32475.25,0.3963625,1239.875,2577.5,29118.75
QN35,16917.0,8167.0,1494.0,1105.0,662.0,774.0,891.0,1565.0,1772.0,1422.0,720.0,1150.0,691.0,930.0,1159.0,555.0,655.0,479.0,566.0,327.0,17491.0,2218.0,1828.0,47.0,7243.0,6.0,852.0,748.0,4549.0,36.15,1299.0,960.5,28853.75,0.4064,2057.5,4264.0,26406.75
QN37,14864.0,7467.0,1844.0,1153.0,1102.0,870.0,818.0,1161.0,861.0,1014.0,749.0,780.0,652.0,589.0,895.0,638.0,724.0,451.0,307.0,256.0,14110.0,9744.0,402.0,172.0,2290.0,0.0,25.0,463.0,1014.0,29.933333333333334,1519.0,1112.3333333333333,39229.0,0.45249999999999996,1905.6666666666667,4619.666666666667,31892.333333333332
QN38,0.0,0.0,0.0,0.0,0.0,0.0,0.0,0.0,0.0,0.0,0.0,0.0,0.0,0.0,0.0,0.0,0.0,0.0,0.0,0.0,0.0,0.0,0.0,0.0,0.0,0.0,0.0,0.0,0.0,,,,,,,,
QN41,1310.0,658.0,28.0,102.0,184.0,84.0,18.0,44.0,42.0,87.0,109.0,57.0,125.0,58.0,62.0,48.0,110.0,84.0,61.0,7.0,1302.0,765.0,1.0,0.0,336.0,0.0,0.0,1.0,199.0,42.3,396.0,361.0,49306.0,0.3977,531.0,1302.0,42846.0
QN42,0.0,0.0,0.0,0.0,0.0,0.0,0.0,0.0,0.0,0.0,0.0,0.0,0.0,0.0,0.0,0.0,0.0,0.0,0.0,0.0,0.0,0.0,0.0,0.0,0.0,0.0,0.0,0.0,0.0,,,,,,,,
QN43,8541.0,4118.0,708.0,568.0,432.0,346.0,470.0,844.0,547.0,796.0,460.0,496.0,583.0,494.0,329.0,337.0,687.0,285.0,74.0,85.0,8657.0,1514.0,433.0,8.0,3921.0,0.0,278.0,456.0,2047.0,34.7,1208.5,998.5,37736.0,0.4631,1943.0,4316.0,31865.0
QN44,4218.0,2102.0,264.0,286.0,268.0,289.0,220.0,211.0,298.0,165.0,336.0,199.0,176.0,126.0,336.0,401.0,123.0,77.0,93.0,350.0,4129.0,1170.0,80.0,76.0,2242.0,51.0,96.0,177.0,237.0,45.4,1154.0,982.0,37545.0,0.3294,1892.0,4070.0,34695.0
QN45,0.0,0.0,0.0,0.0,0.0,0.0,0.0,0.0,0.0,0.0,0.0,0.0,0.0,0.0,0.0,0.0,0.0,0.0,0.0,0.0,0.0,0.0,0.0,0.0,0.0,0.0,0.0,0.0,0.0,,,,,,,,
QN46,26721.0,13725.0,1096.0,1375.0,1799.0,1200.0,1264.0,1968.0,1981.0,1329.0,1750.0,2095.0,1744.0,1970.0,1912.0,1659.0,1441.0,764.0,559.0,815.0,24380.0,8707.0,1017.0,8.0,11786.0,0.0,18.0,256.0,2588.0,44.54545454545455,791.2727272727273,569.0,41464.181818181816,0.3940909090909091,1090.1818181818182,2209.5454545454545,38990.72727272727
QN47,7453.0,4095.0,381.0,208.0,202.0,297.0,398.0,361.0,295.0,311.0,286.0,307.0,605.0,649.0,520.0,490.0,660.0,509.0,378.0,596.0,6847.0,4069.0,94.0,0.0,1731.0,0.0,0.0,86.0,867.0,54.2,3657.0,1759.0,47009.0,0.4578,2653.0,6834.0,49515.0
QN48,0.0,0.0,0.0,0.0,0.0,0.0,0.0,0.0,0.0,0.0,0.0,0.0,0.0,0.0,0.0,0.0,0.0,0.0,0.0,0.0,0.0,0.0,0.0,0.0,0.0,0.0,0.0,0.0,0.0,,,,,,,,
QN49,0.0,0.0,0.0,0.0,0.0,0.0,0.0,0.0,0.0,0.0,0.0,0.0,0.0,0.0,0.0,0.0,0.0,0.0,0.0,0.0,0.0,0.0,0.0,0.0,0.0,0.0,0.0,0.0,0.0,,,,,,,,
QN50,1609.0,599.0,93.0,94.0,115.0,82.0,42.0,103.0,78.0,163.0,172.0,75.0,142.0,223.0,83.0,58.0,84.0,0.0,0.0,2.0,1610.0,141.0,12.0,0.0,736.0,0.0,0.0,0.0,721.0,39.3,440.0,351.0,28348.0,0.4436,779.0,1610.0,25159.0
QN51,23963.0,12188.0,1034.0,861.0,1606.0,1178.0,1356.0,1692.0,1264.0,1651.0,1697.0,1839.0,1763.0,2138.0,1774.0,1339.0,1177.0,768.0,355.0,471.0,22902.0,3701.0,411.0,54.0,14175.0,0.0,35.0,613.0,3913.0,44.6,1006.125,728.375,26160.0,0.473875,1267.875,2859.5,28244.125
QN52,11078.0,5170.0,378.0,520.0,456.0,561.0,427.0,626.0,1085.0,807.0,699.0,720.0,837.0,1249.0,682.0,709.0,390.0,380.0,317.0,235.0,11137.0,1712.0,108.0,125.0,7010.0,0.0,42.0,49.0,2091.0,45.13333333333333,564.3333333333334,449.1666666666667,27763.5,0.4518333333333333,872.8333333333334,1853.3333333333333,26552.666666666668
QN53,30692.0,14839.0,1934.0,1823.0,1763.0,2019.0,2289.0,2290.0,1961.0,2331.0,1994.0,2027.0,2260.0,2189.0,2024.0,1478.0,1094.0,571.0,264.0,381.0,29436.0,2987.0,828.0,64.0,7648.0,0.0,203.0,679.0,17027.0,37.31111111111111,872.2222222222222,724.6666666666666,29077.0,0.41850000000000004,1485.888888888889,3256.5555555555557,27089.88888888889
QN54,37061.0,17754.0,2012.0,1680.0,1877.0,2320.0,2607.0,3826.0,2775.0,2123.0,2504.0,2326.0,2624.0,2752.0,3252.0,1567.0,1369.0,809.0,361.0,277.0,36717.0,2721.0,3012.0,299.0,11992.0,33.0,3964.0,1428.0,13268.0,37.43571428571429,678.6428571428571,576.7857142857143,26483.285714285714,0.4189857142857143,1263.0,2616.785714285714,24740.928571428572
QN55,47198.0,23328.0,2099.0,2062.0,2676.0,2540.0,3050.0,3948.0,3611.0,2739.0,3005.0,2749.0,3628.0,4261.0,3734.0,2858.0,1621.0,1546.0,612.0,459.0,43455.0,2928.0,7323.0,212.0,14639.0,0.0,4931.0,2681.0,10741.0,40.65833333333333,973.8333333333334,843.4166666666666,30783.666666666668,0.4166666666666667,1729.5,3606.9166666666665,28251.25
QN56,6643.0,3657.0,604.0,595.0,476.0,211.0,487.0,622.0,438.0,545.0,258.0,372.0,450.0,286.0,497.0,324.0,170.0,145.0,105.0,58.0,6355.0,1599.0,560.0,0.0,848.0,0.0,151.0,123.0,3074.0,41.0,1927.0,1561.0,37880.0,0.3898,2946.0,6355.0,31465.0
QN57,0.0,0.0,0.0,0.0,0.0,0.0,0.0,0.0,0.0,0.0,0.0,0.0,0.0,0.0,0.0,0.0,0.0,0.0,0.0,0.0,0.0,0.0,0.0,0.0,0.0,0.0,0.0,0.0,0.0,,,,,,,,
QN60,11873.0,5676.0,997.0,842.0,753.0,467.0,539.0,793.0,755.0,850.0,862.0,907.0,928.0,793.0,684.0,495.0,450.0,300.0,197.0,261.0,11482.0,5812.0,552.0,110.0,1810.0,15.0,136.0,258.0,2789.0,40.65,1131.75,630.25,46179.0,0.472525,1375.5,2855.25,44349.0
QN61,11027.0,5793.0,550.0,454.0,1003.0,622.0,781.0,1030.0,719.0,721.0,707.0,1165.0,694.0,579.0,663.0,427.0,264.0,270.0,135.0,243.0,10702.0,660.0,2872.0,243.0,1705.0,60.0,842.0,294.0,4026.0,36.675,769.0,573.0,28061.0,0.3854,1328.5,2664.5,23307.5
QN62,0.0,0.0,0.0,0.0,0.0,0.0,0.0,0.0,0.0,0.0,0.0,0.0,0.0,0.0,0.0,0.0,0.0,0.0,0.0,0.0,0.0,0.0,0.0,0.0,0.0,0.0,0.0,0.0,0.0,,,,,,,,
QN63,19086.0,9997.0,1130.0,707.0,947.0,782.0,937.0,996.0,1909.0,2531.0,1339.0,1310.0,1560.0,995.0,846.0,720.0,635.0,898.0,410.0,434.0,17798.0,2453.0,191.0,11.0,8314.0,0.0,51.0,253.0,6525.0,41.1,1256.4,786.4,33351.6,0.42051999999999995,1829.4,3507.8,28501.4
QN66,8538.0,4316.0,439.0,432.0,403.0,453.0,568.0,519.0,637.0,531.0,677.0,511.0,547.0,742.0,520.0,293.0,370.0,352.0,311.0,233.0,8133.0,190.0,7307.0,13.0,43.0,0.0,58.0,101.0,421.0,41.9,637.25,473.0,40309.5,0.3933,1010.5,2010.25,37147.5
QN68,7235.0,3991.0,369.0,443.0,356.0,432.0,474.0,732.0,394.0,331.0,384.0,466.0,445.0,696.0,549.0,340.0,428.0,208.0,99.0,89.0,7946.0,567.0,3230.0,0.0,957.0,0.0,147.0,32.0,3013.0,39.0,1761.0,991.0,25912.5,0.47445,1182.5,3972.5,26335.5
QN70,34381.0,16930.0,1704.0,1091.0,1340.0,947.0,1811.0,4978.0,5248.0,3482.0,2473.0,2272.0,1923.0,2008.0,1292.0,1484.0,765.0,641.0,583.0,339.0,33006.0,17840.0,593.0,24.0,5541.0,40.0,332.0,793.0,7843.0,34.96363636363637,1268.4545454545455,617.1818181818181,41891.454545454544,0.4174090909090909,1722.909090909091,2991.7272727272725,40444.63636363636
QN71,8722.0,4594.0,387.0,138.0,343.0,321.0,647.0,1233.0,1348.0,698.0,651.0,590.0,594.0,450.0,386.0,524.0,163.0,100.0,78.0,71.0,9027.0,4115.0,163.0,23.0,2085.0,0.0,56.0,260.0,2325.0,34.666666666666664,1369.6666666666667,620.3333333333334,41250.666666666664,0.4759,1686.0,3009.0,44630.333333333336
QN72,0.0,0.0,0.0,0.0,0.0,0.0,0.0,0.0,0.0,0.0,0.0,0.0,0.0,0.0,0.0,0.0,0.0,0.0,0.0,0.0,0.0,0.0,0.0,0.0,0.0,0.0,0.0,0.0,0.0,,,,,,,,
QN76,12950.0,6498.0,705.0,882.0,806.0,877.0,906.0,1219.0,899.0,776.0,976.0,773.0,1023.0,793.0,703.0,477.0,596.0,194.0,154.0,191.0,12227.0,279.0,8083.0,0.0,906.0,0.0,837.0,462.0,1660.0,37.300000000000004,571.0,449.5,28953.333333333332,0.43681666666666663,952.0,2024.5,29114.0
QN98,0.0,0.0,0.0,0.0,0.0,0.0,0.0,0.0,0.0,0.0,0.0,0.0,0.0,0.0,0.0,0.0,0.0,0.0,0.0,0.0,0.0,0.0,0.0,0.0,0.0,0.0,0.0,0.0,0.0,,,,,,,,
QN99,0.0,0.0,0.0,0.0,0.0,0.0,0.0,0.0,0.0,0.0,0.0,0.0,0.0,0.0,0.0,0.0,0.0,0.0,0.0,0.0,0.0,0.0,0.0,0.0,0.0,0.0,0.0,0.0,0.0,,,,,,,,
SI01,0.0,0.0,0.0,0.0,0.0,0.0,0.0,0.0,0.0,0.0,0.0,0.0,0.0,0.0,0.0,0.0,0.0,0.0,0.0,0.0,0.0,0.0,0.0,0.0,0.0,0.0,0.0,0.0,0.0,,,,,,,,
SI05,0.0,0.0,0.0,0.0,0.0,0.0,0.0,0.0,0.0,0.0,0.0,0.0,0.0,0.0,0.0,0.0,0.0,0.0,0.0,0.0,0.0,0.0,0.0,0.0,0.0,0.0,0.0,0.0,0.0,,,,,,,,
SI07,0.0,0.0,0.0,0.0,0.0,0.0,0.0,0.0,0.0,0.0,0.0,0.0,0.0,0.0,0.0,0.0,0.0,0.0,0.0,0.0,0.0,0.0,0.0,0.0,0.0,0.0,0.0,0.0,0.0,,,,,,,,
SI08,0.0,0.0,0.0,0.0,0.0,0.0,0.0,0.0,0.0,0.0,0.0,0.0,0.0,0.0,0.0,0.0,0.0,0.0,0.0,0.0,0.0,0.0,0.0,0.0,0.0,0.0,0.0,0.0,0.0,,,,,,,,
SI11,0.0,0.0,0.0,0.0,0.0,0.0,0.0,0.0,0.0,0.0,0.0,0.0,0.0,0.0,0.0,0.0,0.0,0.0,0.0,0.0,0.0,0.0,0.0,0.0,0.0,0.0,0.0,0.0,0.0,,,,,,,,
SI12,0.0,0.0,0.0,0.0,0.0,0.0,0.0,0.0,0.0,0.0,0.0,0.0,0.0,0.0,0.0,0.0,0.0,0.0,0.0,0.0,0.0,0.0,0.0,0.0,0.0,0.0,0.0,0.0,0.0,,,,,,,,
SI14,0.0,0.0,0.0,0.0,0.0,0.0,0.0,0.0,0.0,0.0,0.0,0.0,0.0,0.0,0.0,0.0,0.0,0.0,0.0,0.0,0.0,0.0,0.0,0.0,0.0,0.0,0.0,0.0,0.0,,,,,,,,
SI22,6676.0,3604.0,513.0,286.0,467.0,570.0,432.0,351.0,521.0,382.0,462.0,526.0,616.0,493.0,282.0,364.0,194.0,88.0,55.0,74.0,6350.0,1038.0,2135.0,0.0,283.0,0.0,73.0,236.0,2585.0,35.166666666666664,746.3333333333334,480.3333333333333,30936.333333333332,0.5015666666666667,864.3333333333334,2114.3333333333335,25614.666666666668
SI24,0.0,0.0,0.0,0.0,0.0,0.0,0.0,0.0,0.0,0.0,0.0,0.0,0.0,0.0,0.0,0.0,0.0,0.0,0.0,0.0,0.0,0.0,0.0,0.0,0.0,0.0,0.0,0.0,0.0,,,,,,,,
SI25,0.0,0.0,0.0,0.0,0.0,0.0,0.0,0.0,0.0,0.0,0.0,0.0,0.0,0.0,0.0,0.0,0.0,0.0,0.0,0.0,0.0,0.0,0.0,0.0,0.0,0.0,0.0,0.0,0.0,,,,,,,,
SI28,0.0,0.0,0.0,0.0,0.0,0.0,0.0,0.0,0.0,0.0,0.0,0.0,0.0,0.0,0.0,0.0,0.0,0.0,0.0,0.0,0.0,0.0,0.0,0.0,0.0,0.0,0.0,0.0,0.0,,,,,,,,
SI32,0.0,0.0,0.0,0.0,0.0,0.0,0.0,0.0,0.0,0.0,0.0,0.0,0.0,0.0,0.0,0.0,0.0,0.0,0.0,0.0,0.0,0.0,0.0,0.0,0.0,0.0,0.0,0.0,0.0,,,,,,,,
SI35,0.0,0.0,0.0,0.0,0.0,0.0,0.0,0.0,0.0,0.0,0.0,0.0,0.0,0.0,0.0,0.0,0.0,0.0,0.0,0.0,0.0,0.0,0.0,0.0,0.0,0.0,0.0,0.0,0.0,,,,,,,,
SI36,0.0,0.0,0.0,0.0,0.0,0.0,0.0,0.0,0.0,0.0,0.0,0.0,0.0,0.0,0.0,0.0,0.0,0.0,0.0,0.0,0.0,0.0,0.0,0.0,0.0,0.0,0.0,0.0,0.0,,,,,,,,
SI37,1843.0,954.0,84.0,203.0,51.0,113.0,66.0,90.0,85.0,179.0,98.0,85.0,100.0,182.0,129.0,99.0,78.0,34.0,48.0,119.0,1751.0,538.0,410.0,0.0,106.0,0.0,14.0,103.0,580.0,47.4,413.0,272.0,8666.0,0.511,413.0,1133.0,11772.0
SI45,0.0,0.0,0.0,0.0,0.0,0.0,0.0,0.0,0.0,0.0,0.0,0.0,0.0,0.0,0.0,0.0,0.0,0.0,0.0,0.0,0.0,0.0,0.0,0.0,0.0,0.0,0.0,0.0,0.0,,,,,,,,
SI48,5186.0,2583.0,370.0,542.0,218.0,300.0,304.0,59.0,282.0,270.0,445.0,383.0,218.0,504.0,259.0,314.0,214.0,316.0,56.0,132.0,4485.0,3896.0,0.0,0.0,188.0,0.0,0.0,99.0,302.0,44.7,1558.0,1200.0,47944.0,0.4708,1765.0,4485.0,46754.0
SI54,0.0,0.0,0.0,0.0,0.0,0.0,0.0,0.0,0.0,0.0,0.0,0.0,0.0,0.0,0.0,0.0,0.0,0.0,0.0,0.0,0.0,0.0,0.0,0.0,0.0,0.0,0.0,0.0,0.0,,,,,,,,
SI99,0.0,0.0,0.0,0.0,0.0,0.0,0.0,0.0,0.0,0.0,0.0,0.0,0.0,0.0,0.0,0.0,0.0,0.0,0.0,0.0,0.0,0.0,0.0,0.0,0.0,0.0,0.0,0.0,0.0,,,,,,,,
